suite,date,check,n,mismatches,status,detail
gate_scalar_4threads,2026-09-24,counts_cols0-8_exact,3491,0,PASS,""
gate_scalar_4threads,2026-09-24,reference_index_exact,3491,0,PASS,""
gate_scalar_4threads,2026-09-24,label_exact,3491,0,PASS,""
gate_scalar_4threads,2026-09-24,frame_flag_exact,3491,0,PASS,""
gate_scalar_4threads,2026-09-24,binomial_llr_bit_exact,3491,0,PASS,""
gate_scalar_4threads,2026-09-24,candidate_alt_exact,3491,0,PASS,""
gate_scalar_4threads,2026-09-24,k_exact,3491,0,PASS,""
gate_scalar_4threads,2026-09-24,n_exact,3491,0,PASS,""
gate_scalar_4threads,2026-09-24,router_mask_exact,3491,0,PASS,"routed=707"
gate_scalar_4threads,2026-09-24,binomial_call_exact,3491,0,PASS,""
gate_scalar_4threads,2026-09-24,unevaluated_loci_are_exactly_V1_padding_rows_with_depth0,3491,0,PASS,"n_unevaluated=37"
gate_scalar_4threads,2026-09-24,pb_llr_bit_exact_vs_v1_cache,3491,0,PASS,"max_abs_diff=0"
gate_scalar_4threads,2026-09-24,pb_call_exact,3491,0,PASS,""
gate_scalar_4threads,2026-09-24,cascade_call_exact,3491,0,PASS,"frame loci only"
gate_scalar_4threads,2026-09-24,v1_tensor_rows_byte_exact(48x8 per locus),3491,0,PASS,"bytes compared=1340544; loci with real reads=3454"
gate_scalar_4threads,2026-09-24,n_counted_tensor_exact,3491,0,PASS,""
gate_scalar_4threads,2026-09-24,k_tensor_exact,3491,0,PASS,""
gate_scalar_4threads,2026-09-24,counts_cols0-8_exact,3491,0,PASS,""
gate_scalar_4threads,2026-09-24,reference_index_exact,3491,0,PASS,""
gate_scalar_4threads,2026-09-24,label_exact,3491,0,PASS,""
gate_scalar_4threads,2026-09-24,frame_flag_exact,3491,0,PASS,""
gate_scalar_4threads,2026-09-24,binomial_llr_bit_exact,3491,0,PASS,""
gate_scalar_4threads,2026-09-24,candidate_alt_exact,3491,0,PASS,""
gate_scalar_4threads,2026-09-24,k_exact,3491,0,PASS,""
gate_scalar_4threads,2026-09-24,n_exact,3491,0,PASS,""
gate_scalar_4threads,2026-09-24,router_mask_exact,3491,0,PASS,"routed=707"
gate_scalar_4threads,2026-09-24,binomial_call_exact,3491,0,PASS,""
gate_scalar_4threads,2026-09-24,unevaluated_loci_are_exactly_V1_padding_rows_with_depth0,3491,0,PASS,"n_unevaluated=37"
gate_scalar_4threads,2026-09-24,pb_llr_bit_exact_vs_v1_cache,3491,0,PASS,"max_abs_diff=0"
gate_scalar_4threads,2026-09-24,pb_call_exact,3491,0,PASS,""
gate_scalar_4threads,2026-09-24,cascade_call_exact,3491,0,PASS,"frame loci only"
gate_scalar_4threads,2026-09-24,v1_tensor_rows_byte_exact(48x8 per locus),3491,0,PASS,"bytes compared=1340544; loci with real reads=3454"
gate_scalar_4threads,2026-09-24,n_counted_tensor_exact,3491,0,PASS,""
gate_scalar_4threads,2026-09-24,k_tensor_exact,3491,0,PASS,""
gate_vcf_4threads,2026-09-24,vcf_header_identical,1,0,PASS,"windows of 3491 gate loci"
gate_vcf_4threads,2026-09-24,vcf_record_lines_byte_identical,1713,0,PASS,"windows of 3491 gate loci"
gate_vcf_4threads,2026-09-24,vcf_record_count_equal,1713,0,PASS,"windows of 3491 gate loci"
gate_fused_4threads,2026-09-24,counts_cols0-8_exact,3491,0,PASS,""
gate_fused_4threads,2026-09-24,reference_index_exact,3491,0,PASS,""
gate_fused_4threads,2026-09-24,label_exact,3491,0,PASS,""
gate_fused_4threads,2026-09-24,frame_flag_exact,3491,0,PASS,""
gate_fused_4threads,2026-09-24,binomial_llr_bit_exact,3491,0,PASS,""
gate_fused_4threads,2026-09-24,candidate_alt_exact,3491,0,PASS,""
gate_fused_4threads,2026-09-24,k_exact,3491,0,PASS,""
gate_fused_4threads,2026-09-24,n_exact,3491,0,PASS,""
gate_fused_4threads,2026-09-24,router_mask_exact,3491,0,PASS,"routed=707"
gate_fused_4threads,2026-09-24,binomial_call_exact,3491,0,PASS,""
gate_fused_4threads,2026-09-24,unevaluated_loci_are_exactly_V1_padding_rows_with_depth0,3491,0,PASS,"n_unevaluated=37"
gate_fused_4threads,2026-09-24,pb_llr_bit_exact_vs_v1_cache,3491,0,PASS,"max_abs_diff=0"
gate_fused_4threads,2026-09-24,pb_call_exact,3491,0,PASS,""
gate_fused_4threads,2026-09-24,cascade_call_exact,3491,0,PASS,"frame loci only"
gate_fused_4threads,2026-09-24,v1_tensor_rows_byte_exact(48x8 per locus),3491,0,PASS,"bytes compared=1340544; loci with real reads=3454"
gate_fused_4threads,2026-09-24,n_counted_tensor_exact,3491,0,PASS,""
gate_fused_4threads,2026-09-24,k_tensor_exact,3491,0,PASS,""
gate_vcf_fused,2026-09-24,vcf_header_identical,1,0,PASS,"windows of 3491 gate loci"
gate_vcf_fused,2026-09-24,vcf_record_lines_byte_identical,1713,0,PASS,"windows of 3491 gate loci"
gate_vcf_fused,2026-09-24,vcf_record_count_equal,1713,0,PASS,"windows of 3491 gate loci"
slice_fused,2026-09-24,binomial_llr_bit_exact_all_slice_loci,524288,0,PASS,"windows 400000..408192"
slice_fused,2026-09-24,pb_llr_bit_exact_all_slice_loci,524288,0,PASS,"windows 400000..408192"
slice_fused,2026-09-24,pb_call_exact_frame,524000,0,PASS,"windows 400000..408192"
slice_fused,2026-09-24,router_mask_exact_frame,524000,0,PASS,"windows 400000..408192"
slice_exact,2026-09-24,binomial_llr_bit_exact_all_slice_loci,524288,0,PASS,"windows 400000..408192"
slice_exact,2026-09-24,pb_llr_bit_exact_all_slice_loci,524288,0,PASS,"windows 400000..408192"
slice_exact,2026-09-24,pb_call_exact_frame,524000,0,PASS,"windows 400000..408192"
slice_exact,2026-09-24,router_mask_exact_frame,524000,0,PASS,"windows 400000..408192"
gate_fused_lazy_4threads,2026-09-24,counts_cols0-8_exact,3491,0,PASS,""
gate_fused_lazy_4threads,2026-09-24,reference_index_exact,3491,0,PASS,""
gate_fused_lazy_4threads,2026-09-24,label_exact,3491,0,PASS,""
gate_fused_lazy_4threads,2026-09-24,frame_flag_exact,3491,0,PASS,""
gate_fused_lazy_4threads,2026-09-24,binomial_llr_bit_exact,3491,0,PASS,""
gate_fused_lazy_4threads,2026-09-24,candidate_alt_exact,3491,0,PASS,""
gate_fused_lazy_4threads,2026-09-24,k_exact,3491,0,PASS,""
gate_fused_lazy_4threads,2026-09-24,n_exact,3491,0,PASS,""
gate_fused_lazy_4threads,2026-09-24,router_mask_exact,3491,0,PASS,"routed=707"
gate_fused_lazy_4threads,2026-09-24,binomial_call_exact,3491,0,PASS,""
gate_fused_lazy_4threads,2026-09-24,unevaluated_loci_are_exactly_V1_padding_rows_with_depth0,3491,0,PASS,"n_unevaluated=37"
gate_fused_lazy_4threads,2026-09-24,pb_llr_bit_exact_vs_v1_cache,3491,0,PASS,"max_abs_diff=0"
gate_fused_lazy_4threads,2026-09-24,pb_call_exact,3491,0,PASS,""
gate_fused_lazy_4threads,2026-09-24,cascade_call_exact,3491,0,PASS,"frame loci only"
gate_fused_lazy_4threads,2026-09-24,v1_tensor_rows_byte_exact(48x8 per locus),3491,0,PASS,"bytes compared=1340544; loci with real reads=3454"
gate_fused_lazy_4threads,2026-09-24,n_counted_tensor_exact,3491,0,PASS,""
gate_fused_lazy_4threads,2026-09-24,k_tensor_exact,3491,0,PASS,""
x,2026-09-24,counts_cols0-8_exact,3491,0,PASS,""
x,2026-09-24,reference_index_exact,3491,0,PASS,""
x,2026-09-24,label_exact,3491,0,PASS,""
x,2026-09-24,frame_flag_exact,3491,0,PASS,""
x,2026-09-24,binomial_llr_bit_exact,3491,0,PASS,""
x,2026-09-24,candidate_alt_exact,3491,0,PASS,""
x,2026-09-24,k_exact,3491,0,PASS,""
x,2026-09-24,n_exact,3491,0,PASS,""
x,2026-09-24,router_mask_exact,3491,0,PASS,"routed=707"
x,2026-09-24,binomial_call_exact,3491,0,PASS,""
x,2026-09-24,unevaluated_loci_are_exactly_V1_padding_rows_with_depth0,3491,0,PASS,"n_unevaluated=37"
x,2026-09-24,pb_llr_bit_exact_vs_v1_cache,3491,0,PASS,"max_abs_diff=0"
x,2026-09-24,pb_call_exact,3491,0,PASS,""
x,2026-09-24,cascade_call_exact,3491,0,PASS,"frame loci only"
x,2026-09-24,v1_tensor_rows_byte_exact(48x8 per locus),3491,0,PASS,"bytes compared=1340544; loci with real reads=3454"
x,2026-09-24,n_counted_tensor_exact,3491,0,PASS,""
x,2026-09-24,k_tensor_exact,3491,0,PASS,""
slice_fused_lazy,2026-09-24,binomial_llr_bit_exact_all_slice_loci,524288,0,PASS,"windows 400000..408192"
slice_fused_lazy,2026-09-24,pb_llr_bit_exact_all_slice_loci,524288,0,PASS,"windows 400000..408192"
slice_fused_lazy,2026-09-24,pb_call_exact_frame,524000,0,PASS,"windows 400000..408192"
slice_fused_lazy,2026-09-24,router_mask_exact_frame,524000,0,PASS,"windows 400000..408192"
full_cascade_t4,2026-09-24,vcf_header_identical,1,0,PASS,"full"
full_cascade_t4,2026-09-24,vcf_record_lines_byte_identical,72661,0,PASS,"full"
full_cascade_t4,2026-09-24,vcf_record_count_equal,72661,0,PASS,"full"
full_pb_all_t8_fused,2026-09-24,n_loci,56266816,0,PASS,
full_pb_all_t8_fused,2026-09-24,binomial_llr_bit_exact_all_loci,56266816,0,PASS,
full_pb_all_t8_fused,2026-09-24,pb_llr_bit_exact_all_loci,56266816,0,PASS,
full_pb_all_t8_fused,2026-09-24,router_mask_exact_frame,56242697,0,PASS,
full_pb_all_t8_fused,2026-09-24,binomial_call_exact_frame,56242697,0,PASS,
full_pb_all_t8_fused,2026-09-24,pb_call_exact_frame,56242697,0,PASS,
full_pb_all_t8_fused,2026-09-24,routed_loci_count_equals_707,707,0,PASS,
full_pb_all_t8_fused,2026-09-24,cascade_call_exact_frame,56242697,0,PASS,
full_pb_all_t8_fused,2026-09-24,vcf_byte_identical_ai_cascade_chr20_300x.vcf,3471975,0,PASS,
full_pb_all_t8_fused,2026-09-24,vcf_byte_identical_ai_pb_only_chr20_300x.vcf,3481518,0,PASS,
v1_vs_v2_slice,2026-09-24,real_V1_pipeline_vs_V2_ai_cascade_vcf_byte_identical,1,0,PASS,"slice windows 400000..408191, V1 run with native backends"
v1_vs_v2_slice,2026-09-24,real_V1_pipeline_vs_V2_ai_pb_only_vcf_byte_identical,1,0,PASS,"slice windows 400000..408191, V1 run with native backends"
kernel_tests,2026-09-24,gammaln_bit_equal,210001,0,PASS,"max_ulp_bad_examples=[]"
kernel_tests,2026-09-24,log1p_cephes_bit_equal_scipy,400003,0,PASS,""
kernel_tests,2026-09-24,binomial_bit_equal_maxdepth5,60000,0,PASS,""
kernel_tests,2026-09-24,router_mask_equal_maxdepth5,60000,0,PASS,""
kernel_tests,2026-09-24,binomial_bit_equal_maxdepth60,60000,0,PASS,""
kernel_tests,2026-09-24,router_mask_equal_maxdepth60,60000,0,PASS,""
kernel_tests,2026-09-24,binomial_bit_equal_maxdepth400,60000,0,PASS,""
kernel_tests,2026-09-24,router_mask_equal_maxdepth400,60000,0,PASS,""
kernel_tests,2026-09-24,binomial_bit_equal_maxdepth1500,60000,0,PASS,""
kernel_tests,2026-09-24,router_mask_equal_maxdepth1500,60000,0,PASS,""
kernel_tests,2026-09-24,binomial_bit_equal_maxdepth9000,8000,0,PASS,""
kernel_tests,2026-09-24,router_mask_equal_maxdepth9000,8000,0,PASS,""
kernel_tests,2026-09-24,pb_synthetic_grid_all_cells,18000,0,PASS,"reference and native vs V1 poisson_binomial_llr(alt_index), bit-level + decision-level (a failing cell would have printed its own row above)"
kernel_tests,2026-09-24,methodc_gt_equal,100000,0,PASS,""
kernel_tests,2026-09-24,methodc_gq_equal,100000,0,PASS,""
kernel_tests,2026-09-24,methodc_forced_equal,100000,0,PASS,""
kernel_tests,2026-09-24,blake2b_key_equals_hashlib,20008,0,PASS,
frame,2026-09-24,window_positions_equal_all_loci,56266816,0,PASS,
frame,2026-09-24,labels_equal_all_loci,56266816,0,PASS,
frame,2026-09-24,frame_count_equal,56242697,0,PASS,
