model_file,sha256
A.model,21dac68a295e2ff8bb22dede4ab71df76e4b2458bbabdfc2641509b463c6a853
A_B.model,ee96b3b1d814ee794a8e09efbefbbfb5fe5a55f61709dfae01a6bef521ca01f3
A_B_C.model,dd67bbff1406106fed89cd02b62e0fad5c6e571197c4098c5f201b70fca968ce
A_B_C_D.model,ff27e5a3a3846a1569608683828e7e27af84879a5424b8a9590d8bad20ae79cf
A_B_D.model,9734157116ca155fb33423cb03f71875aa332d5a25c4164f2cb2aeb3e4fc3c77
A_C.model,e9942a22e6fee7980b3881750316291bb0d62b4c8be000377f72a2280c5d51ce
A_C_D.model,1e56ed88cf1779d3d990d3d1ac05257aed7348adaa8640f18f3b0c2e982a24e0
A_D.model,2fd670d863b585013a0f9b7d15c70e79e37fbec1d8eef9847496ee1a79fab16a
B.model,eb2fe5ef6714f86870be751e297a9f1b8dd86bde4697e4ceeeebdf964fd0545a
B_C.model,02ede05f66274d81acefb9b1e519b2a12f79c5b9657ef391a2a4eb0e47057f76
B_C_D.model,68dd347e64fcbe7d9717ab0360de3051f491f7e28ba3c78ae352054e05d886a4
B_D.model,6df2dc959430b7db5e9b0e98b69eae7f3a9541e0a6383430b0a82db5fab1a976
Bcap128.model,7489e23b3b06187a7376aec260b8f0927da164de7033b3b2db72ac9245941cbc
Bcap24.model,e61a6a62d754c134dd4e2243905247ba4279dd5d7b821a58d139a30ca67e6c29
Bcap48.model,9e211d2868c2c2f7ffb8823169825ec5c27bfd4f10458509cbe8ab81052c68ab
Bcap64.model,55227b74bfe4736e8788b338250f8c4d08416375067c4b98b28a4f05a1a68a33
Bcap96.model,9c514f3b2a021d939c1ef781e2e10513aeff9ff665a8599c9dd0e3cefcc5e0fe
Bcapall.model,44c1f7ee235eaedb494bd0008de8208ef7481125a80f1b0dab8fa82ea5b02253
Bcapblkmax.model,a1cd95a5fa2d3659d355558ee8073108470daf8c296fd0c880b4f9ef9ea0e179
Bcapblkmed.model,00b91aff236964384834fd2fe42df5e62815e459a5bebc81c21775c951269446
C.model,ee0f4b5ec2e644ab76c6f3e43b8b79bacd8182d74887f73bf7dfd2cf7fa4a989
C_D.model,7a2e260ef99a12885187248aa1d215756abb6c12f3cd63f4cb1f99e56d19ef53
D.model,b1a169bbb1173a9859968b84ade51a890258651317ba2def3103b14d94c626c5
