model,split,dF1,dF1_lo,dF1_hi,dPrecision,dP_lo,dP_hi,dRecall,dR_lo,dR_hi,dFP,dFP_lo,dFP_hi,dFN,dFN_lo,dFN_hi,significant_F1
A+B+C+D,dev,0.01662815008746954,0.012669463514585862,0.02107018212654965,0.033282210237990384,0.025529975068443345,0.04199506340163123,0.0,-0.00030348485224472864,0.00036010461193919374,-1264,-1599.025,-933.0,0,-13.0,12.0,True
A+B+C+D,holdout,0.01695052255606433,0.011760937839005201,0.023067411152228722,0.033933147151356424,0.023670521603977205,0.045931472254019105,-0.00014692918013514689,-0.0004064410782213479,0.00013416144503201056,-1184,-1648.0,-813.0,5,-4.0249999999999915,14.0,True
A+B+C+D,full,0.016782199750131732,0.013466208876611272,0.020429614889491302,0.033594049810826476,0.027029400104229585,0.040748019800851965,-7.009378548494816e-05,-0.00027473650645963577,0.00016298756210925413,-2448,-3009.0,-1947.975,5,-12.0,20.0,True
A+B+C,dev,0.016638123753348166,0.012606290960763215,0.021291005462274807,0.03363600431441671,0.02560572298681877,0.04273163248056107,-0.0003216899445084298,-0.0005060934915989967,-0.00013692160893012664,-1277,-1632.0,-939.9749999999999,12,5.0,20.0,True
A+B+C,holdout,0.017064661972396755,0.011826914451739329,0.023256864215158813,0.034436913877424424,0.02401283683063181,0.04664052409705733,-0.0004114017043784779,-0.0008088722418689659,-2.7270366115073044e-05,-1201,-1672.025,-832.9749999999999,14,1.0,28.0,True
A+B+C,full,0.016841919814681083,0.013452921866343805,0.02060341485082469,0.034019580990868103,0.02733918075179245,0.041498079058034,-0.00036448768452179703,-0.0005787486080389203,-0.00016171837680515328,-2478,-3053.025,-1967.9499999999998,26,11.0,42.0,True
A+B+D,dev,0.014863145305414882,0.011417498757733138,0.01906669196545245,0.029861024525840718,0.02303982703865456,0.03808716900050378,-0.0001608449722542149,-0.0003385866845745322,-2.6251957151707248e-05,-1138,-1426.025,-853.0,6,1.0,13.0,True
A+B+D,holdout,0.015928104532413334,0.010675741310584705,0.022134771618200506,0.031801442646569256,0.02137761229104845,0.04390126002130889,-8.815750808111034e-05,-0.00018335095166838454,0.0,-1112,-1591.075,-729.0,3,0.0,6.0,True
A+B+D,full,0.015371771474356422,0.012255342246538448,0.018872476654822654,0.030789518786015435,0.024621600045101128,0.03766921740804309,-0.0001261688138729511,-0.00022741090765786843,-4.2512049181783736e-05,-2250,-2809.025,-1777.0,9,3.0,17.0,True
A+B,dev,0.014863145305414882,0.011417498757733138,0.01906669196545245,0.029861024525840718,0.02303982703865456,0.03808716900050378,-0.0001608449722542149,-0.0003385866845745322,-2.6251957151707248e-05,-1138,-1426.025,-853.0,6,1.0,13.0,True
A+B,holdout,0.015928104532413334,0.010675741310584705,0.022134771618200506,0.031801442646569256,0.02137761229104845,0.04390126002130889,-8.815750808111034e-05,-0.00018335095166838454,0.0,-1112,-1591.075,-729.0,3,0.0,6.0,True
A+B,full,0.015371771474356422,0.012255342246538448,0.018872476654822654,0.030789518786015435,0.024621600045101128,0.03766921740804309,-0.0001261688138729511,-0.00022741090765786843,-4.2512049181783736e-05,-2250,-2809.025,-1777.0,9,3.0,17.0,True
A+C+D,dev,0.016615054733738588,0.012683863278235025,0.021030515107886418,0.033227782906915304,0.02547812884155761,0.04193407186293452,2.6807495375757995e-05,-0.00026024831922971393,0.00037601007863176394,-1262,-1598.0,-933.0,-1,-14.0,10.0,True
A+C+D,holdout,0.01695052255606433,0.011760937839005201,0.023067411152228722,0.033933147151356424,0.023670521603977205,0.045931472254019105,-0.00014692918013514689,-0.0004064410782213479,0.00013416144503201056,-1184,-1648.0,-813.0,5,-4.0249999999999915,14.0,True
A+C+D,full,0.01677536346728259,0.013466550032573929,0.02041953089441597,0.03356568657379544,0.027001574984882933,0.040717430309411246,-5.607502838789191e-05,-0.00025416644182963685,0.0001721441298102506,-2446,-3008.025,-1944.975,4,-12.0,18.0,True
A+C,dev,0.016638123753348166,0.012606290960763215,0.021291005462274807,0.03363600431441671,0.02560572298681877,0.04273163248056107,-0.0003216899445084298,-0.0005060934915989967,-0.00013692160893012664,-1277,-1632.0,-939.9749999999999,12,5.0,20.0,True
A+C,holdout,0.017064661972396755,0.011826914451739329,0.023256864215158813,0.034436913877424424,0.02401283683063181,0.04664052409705733,-0.0004114017043784779,-0.0008088722418689659,-2.7270366115073044e-05,-1201,-1672.025,-832.9749999999999,14,1.0,28.0,True
A+C,full,0.016841919814681083,0.013452921866343805,0.02060341485082469,0.034019580990868103,0.02733918075179245,0.041498079058034,-0.00036448768452179703,-0.0005787486080389203,-0.00016171837680515328,-2478,-3053.025,-1967.9499999999998,26,11.0,42.0,True
A+D,dev,0.014864801782331405,0.011430872728971706,0.019039555478766464,0.02972647119896399,0.022942440050672273,0.03795329681187752,-2.6807495375646972e-05,-8.319259921134859e-05,0.0,-1133,-1421.025,-846.0,1,0.0,3.0,True
A+D,holdout,0.015738701721059067,0.010431520522889481,0.02184817916365958,0.03138815488846436,0.020872135681341955,0.043484282005870616,-5.877167205403655e-05,-0.00013946672681165728,0.0,-1098,-1581.0,-714.0,2,0.0,5.0,True
A+D,full,0.015282218501328937,0.012155728838036159,0.018795429796984224,0.030521747708385116,0.024333517670400224,0.03741849549151596,-4.205627129094669e-05,-9.012042096370187e-05,0.0,-2231,-2789.025,-1754.975,3,0.0,7.0,True
A,dev,0.014864801782331405,0.011430872728971706,0.019039555478766464,0.02972647119896399,0.022942440050672273,0.03795329681187752,-2.6807495375646972e-05,-8.319259921134859e-05,0.0,-1133,-1421.025,-846.0,1,0.0,3.0,True
A,holdout,0.015738701721059067,0.010431520522889481,0.02184817916365958,0.03138815488846436,0.020872135681341955,0.043484282005870616,-5.877167205403655e-05,-0.00013946672681165728,0.0,-1098,-1581.0,-714.0,2,0.0,5.0,True
A,full,0.015282218501328937,0.012155728838036159,0.018795429796984224,0.030521747708385116,0.024333517670400224,0.03741849549151596,-4.205627129094669e-05,-9.012042096370187e-05,0.0,-2231,-2789.025,-1754.975,3,0.0,7.0,True
B+C+D,dev,0.016035879063917458,0.012301058153608279,0.020220804360789327,0.032437616865148566,0.025002870771993396,0.040848261345844496,-0.0003484974398841878,-0.000703205349499078,2.6317538554446226e-05,-1233,-1554.0,-913.9749999999999,13,-1.0,26.0,True
B+C+D,holdout,0.016160006247145753,0.010908521959632354,0.022379276407705557,0.03242147721008137,0.02201457929246997,0.044661130429140466,-0.00023508668821625722,-0.0005571962409956416,2.9142624968248048e-05,-1133,-1604.025,-760.9749999999999,8,-1.0,18.0,True
B+C+D,full,0.01609517180637876,0.0128430014228263,0.019683473401521327,0.032429877468650004,0.02594269836614258,0.039557734088339104,-0.00029439389903684887,-0.0005246754184761837,-6.184840934943534e-05,-2366,-2923.075,-1864.9249999999997,21,4.0,38.0,True
B+C,dev,0.01534782818418634,0.01157437908542984,0.019634032337781795,0.03278761805046149,0.025198504467344895,0.04126050611099833,-0.002037369648553722,-0.002813040491317148,-0.001329438104608979,-1246,-1576.0,-922.9749999999999,76,48.0,107.0,True
B+C,holdout,0.01631171046150548,0.01110611291630148,0.02247503773531408,0.033513920152117405,0.023021630723137534,0.04583077950306435,-0.0009991184249191765,-0.001571462526386258,-0.0005071468884445012,-1170,-1639.025,-798.9749999999999,34,17.0,53.0,True
B+C,full,0.015808215861738306,0.012564303095151285,0.019446919479047996,0.033134807017968226,0.026583598478819796,0.040371543452827445,-0.0015420632806695256,-0.0020603616373709027,-0.0010672454208196735,-2416,-2980.05,-1915.9499999999998,110,75.0,147.0,True
B+D,dev,0.0041575856163291736,0.0023373119764389548,0.006331681265521369,0.013850159733554634,0.010521674627615853,0.01746351139474099,-0.005656381524274168,-0.007524637580948496,-0.003993156106710294,-541,-690.0,-390.0,211,134.0,300.0,True
B+D,holdout,0.004958041732520901,0.002535169860132419,0.0076881300754544635,0.01464185898705761,0.010118706285480433,0.02012953941417536,-0.004936820452541846,-0.006403395629651648,-0.003460013010215934,-525,-756.0,-357.0,168,102.0,241.0,True
B+D,full,0.0045399160485047885,0.0030288889308442172,0.006191615114929591,0.014228820437893641,0.011455105590411432,0.01742791807425816,-0.005313108939761335,-0.00655238948065463,-0.0041501503183630105,-1066,-1339.025,-836.0,379,277.0,494.0,True
B,dev,0.001149040875672469,0.0007968285791031621,0.0015747820265459955,0.0023942241190250124,0.0017453102133709153,0.003183166491929404,-0.00013403747687856793,-0.0003131590626187286,0.0,-94,-120.0,-67.0,5,0.0,12.0,True
B,holdout,0.0016413060822639824,0.0010458418876822446,0.0023326353823222737,0.003248927861534745,0.0020917867522100954,0.00457678112429894,-2.9385836027073786e-05,-9.724930425940859e-05,0.0,-117,-167.0,-73.0,1,0.0,3.0,True
B,full,0.0013842073577237102,0.0010272910602910801,0.0017819261023277245,0.002803390718387977,0.002126835752484399,0.0035455038304551437,-8.411254258189338e-05,-0.0001850579169021399,-1.345913220212047e-05,-211,-272.0,-159.0,6,1.0,13.0,True
C+D,dev,0.016035879063917458,0.012301058153608279,0.020220804360789327,0.032437616865148566,0.025002870771993396,0.040848261345844496,-0.0003484974398841878,-0.000703205349499078,2.6317538554446226e-05,-1233,-1554.0,-913.9749999999999,13,-1.0,26.0,True
C+D,holdout,0.016160006247145753,0.010908521959632354,0.022379276407705557,0.03242147721008137,0.02201457929246997,0.044661130429140466,-0.00023508668821625722,-0.0005571962409956416,2.9142624968248048e-05,-1133,-1604.025,-760.9749999999999,8,-1.0,18.0,True
C+D,full,0.01609517180637876,0.0128430014228263,0.019683473401521327,0.032429877468650004,0.02594269836614258,0.039557734088339104,-0.00029439389903684887,-0.0005246754184761837,-6.184840934943534e-05,-2366,-2923.075,-1864.9249999999997,21,4.0,38.0,True
C,dev,0.01534782818418634,0.01157437908542984,0.019634032337781795,0.03278761805046149,0.025198504467344895,0.04126050611099833,-0.002037369648553722,-0.002813040491317148,-0.001329438104608979,-1246,-1576.0,-922.9749999999999,76,48.0,107.0,True
C,holdout,0.01631171046150548,0.01110611291630148,0.02247503773531408,0.033513920152117405,0.023021630723137534,0.04583077950306435,-0.0009991184249191765,-0.001571462526386258,-0.0005071468884445012,-1170,-1639.025,-798.9749999999999,34,17.0,53.0,True
C,full,0.015808215861738306,0.012564303095151285,0.019446919479047996,0.033134807017968226,0.026583598478819796,0.040371543452827445,-0.0015420632806695256,-0.0020603616373709027,-0.0010672454208196735,-2416,-2980.05,-1915.9499999999998,110,75.0,147.0,True
D,dev,0.003412832100239571,0.0017194829434825838,0.00535691758807873,0.012248447061437462,0.00926331245471107,0.015430812196157433,-0.005549151542771358,-0.0073886186305989615,-0.003906736689231263,-480,-619.0,-341.9749999999999,207,132.0,295.0,True
D,holdout,0.003769269352727256,0.001622677970459141,0.006259629282625358,0.012239674871968753,0.008326572694892115,0.01724834045086735,-0.004907434616514883,-0.006377166310612558,-0.0034294721340409917,-441,-652.025,-294.9749999999999,167,101.0,240.0,True
D,full,0.0035830389966374776,0.0021984395475390744,0.005083281031051159,0.012243760642565271,0.009764140857852202,0.015079110582041064,-0.005243015154276387,-0.006476988684118573,-0.004088283843659068,-921,-1170.025,-712.0,374,272.0,488.0250000000001,True
